{"offline_id": "0ba39b5b2f8d4404b399d5aa3db7dd10", "project_name": "yolov5", "start_time": 1743266130249, "stop_time": 1743266134841, "tags": [], "workspace": null, "resume_strategy": "create", "customer_error_reported": true, "customer_error_message": "Unexpected error detected in the user script: URLError(SSLCertVerificationError(1, '[SSL: CERTIFICATE_VERIFY_FAILED] certificate verify failed: unable to get local issuer certificate (_ssl.c:1000)'))", "user_provided_experiment_key": false, "comet_start_sourced": false}