{"offline_id": "4c0fd8a70543488a9a801e81d608970c", "project_name": "yolov5", "start_time": 1743266211084, "stop_time": 1743266213660, "tags": [], "workspace": null, "resume_strategy": "create", "customer_error_reported": true, "customer_error_message": "Unexpected error detected in the user script: URLError(SSLCertVerificationError(1, '[SSL: CERTIFICATE_VERIFY_FAILED] certificate verify failed: unable to get local issuer certificate (_ssl.c:1000)'))", "user_provided_experiment_key": false, "comet_start_sourced": false}